,Nodes,Edges,Accuracy,Precision,Recall,F1,AUC
Clean,100.000000,2000.000000,0.650000,0.584416,0.937500,0.720000,0.824920
Injected,120.000000,2200.000000,0.600000,0.500000,0.916667,0.647059,0.800347
LLM_Fixed,64.000000,866.000000,0.781250,0.711111,0.969697,0.820513,0.820137
