,Nodes,Edges,Accuracy,Precision,Recall,F1,AUC
Clean,100.0,2000.0,0.65,0.5844155844155844,0.9375,0.7200000000000001,0.8253205128205129
Injected,120.0,2200.0,0.6416666666666667,0.5324675324675324,0.8541666666666666,0.656,0.7711226851851852
LLM_Fixed,,,,,,,
