,Nodes,Edges,Accuracy,Precision,Recall,F1,AUC
Clean,100.000000,2000.000000,0.650000,0.584416,0.937500,0.720000,0.824119
Injected,120.000000,2200.000000,0.566667,0.478723,0.937500,0.633803,0.786024
LLM_Fixed,86.000000,1502.000000,0.767442,0.702128,0.846154,0.767442,0.820513
