,Nodes,Edges,Accuracy,Precision,Recall,F1,AUC
Clean,100.000000,2000.000000,0.650000,0.584416,0.937500,0.720000,0.824519
Injected,120.000000,2200.000000,0.666667,0.554054,0.854167,0.672131,0.790075
LLM_Fixed,0.000000,0.000000,0.000000,0.000000,0.000000,0.000000,0.000000
